{
  "info": {
    "_postman_id": "11b60fe6-91ae-4920-8a73-7505aee21ecf",
    "name": "File API 2022-01-19",
    "schema": "https://schema.getpostman.com/json/collection/v2.1.0/collection.json"
  },
  "item": [
    {
      "name": "GET Authentication Token",
      "item": [
        {
          "name": "Get Authentication Token (OAuth)",
          "event": [
            {
              "listen": "test",
              "script": {
                "exec": [
                  "var jsonData = JSON.parse(responseBody)",
                  "postman.setGlobalVariable(\"TOKEN\",jsonData.access_token);",
                  "",
                  "//IC227162//"
                ],
                "type": "text/javascript"
              }
            }
          ],
          "protocolProfileBehavior": {
            "disabledSystemHeaders": {
              "user-agent": true,
              "accept": true,
              "accept-encoding": true,
              "connection": true
            }
          },
          "request": {
            "method": "POST",
            "header": [
              {
                "key": "Cache-Control",
                "value": "no-cache",
                "type": "text"
              }
            ],
            "body": {
              "mode": "urlencoded",
              "urlencoded": [
                {
                  "key": "client_secret",
                  "value": "{{clientSecret}}",
                  "type": "text"
                },
                {
                  "key": "client_id",
                  "value": "{{clientId}}",
                  "type": "text"
                },
                {
                  "key": "grant_type",
                  "value": "client_credentials",
                  "type": "text"
                }
              ]
            },
            "url": {
              "raw": "{{tokenURL}}",
              "host": [
                "{{tokenURL}}"
              ]
            }
          },
          "response": []
        }
      ]
    },
    {
      "name": "Publisher Requests",
      "item": [
        {
          "name": "Upload Small File",
          "item": [
            {
              "name": "Upload small File",
              "request": {
                "method": "POST",
                "header": [
                  {
                    "key": "x-raet-tenant-id",
                    "type": "text",
                    "value": "{{tenantId}}"
                  },
                  {
                    "key": "Content-Type",
                    "type": "text",
                    "value": "multipart/related;boundary=foo_bar_baz"
                  },
                  {
                    "key": "Authorization",
                    "type": "text",
                    "value": "Bearer {{TOKEN}}"
                  }
                ],
                "body": {
                  "mode": "raw",
                  "raw": "--foo_bar_baz\r\nContent-Type: application/json; charset=UTF-8\r\n\r\n{\r\n\"name\":\"TestFile_1M_FileAPI.txt\",\r\n\"businesstypeid\":\"7100\"\r\n}\r\n\r\n--foo_bar_baz\r\n\r\nThis is a Test File.\r\n--foo_bar_baz--"
                },
                "url": {
                  "raw": "{{baseURL}}/files?uploadType=multipart",
                  "host": [
                    "{{baseURL}}"
                  ],
                  "path": [
                    "files"
                  ],
                  "query": [
                    {
                      "key": "uploadType",
                      "value": "multipart"
                    }
                  ]
                },
                "description": "List Available Files"
              },
              "response": []
            }
          ]
        },
        {
          "name": "Upload File closing in last chunk",
          "item": [
            {
              "name": "Upload Big File (First request)",
              "request": {
                "method": "POST",
                "header": [
                  {
                    "key": "x-raet-tenant-id",
                    "type": "text",
                    "value": "{{tenantId}}"
                  },
                  {
                    "key": "Content-Type",
                    "type": "text",
                    "value": "multipart/related;boundary=foo_bar_baz"
                  },
                  {
                    "key": "Authorization",
                    "type": "text",
                    "value": "Bearer {{TOKEN}}"
                  }
                ],
                "body": {
                  "mode": "raw",
                  "raw": "--foo_bar_baz\r\nContent-Type: application/json; charset=UTF-8\r\n\r\n{\r\n\"name\":\"Test_MFTAPI.txt\",\r\n\"businesstypeid\":\"7100\"\r\n}\r\n\r\n--foo_bar_baz\r\n\r\nThis is a Test File.\r\n--foo_bar_baz--"
                },
                "url": {
                  "raw": "{{baseURL}}/files?uploadType=resumable",
                  "host": [
                    "{{baseURL}}"
                  ],
                  "path": [
                    "files"
                  ],
                  "query": [
                    {
                      "key": "uploadType",
                      "value": "resumable"
                    }
                  ]
                },
                "description": "List Available Files"
              },
              "response": []
            },
            {
              "name": "Upload Big File (Second request)",
              "request": {
                "method": "PUT",
                "header": [
                  {
                    "key": "x-raet-tenant-id",
                    "type": "text",
                    "value": "{{tenantId}}"
                  },
                  {
                    "key": "Content-Type",
                    "type": "text",
                    "value": "application/octet-stream"
                  },
                  {
                    "key": "Authorization",
                    "type": "text",
                    "value": "Bearer {{TOKEN}}"
                  }
                ],
                "body": {
                  "mode": "raw",
                  "raw": "This is the second chunk of the file."
                },
                "url": {
                  "raw": "{{baseURL}}/files?uploadType=resumable&uploadToken=c57e92e3f15b40bb818eca2d18efa1d5&position=1",
                  "host": [
                    "{{baseURL}}"
                  ],
                  "path": [
                    "files"
                  ],
                  "query": [
                    {
                      "key": "uploadType",
                      "value": "resumable"
                    },
                    {
                      "key": "uploadToken",
                      "value": "c57e92e3f15b40bb818eca2d18efa1d5"
                    },
                    {
                      "key": "position",
                      "value": "1"
                    }
                  ]
                },
                "description": "List Available Files"
              },
              "response": []
            },
            {
              "name": "Upload Big File (Third and Last request)",
              "request": {
                "method": "PUT",
                "header": [
                  {
                    "key": "x-raet-tenant-id",
                    "type": "text",
                    "value": "{{tenantId}}"
                  },
                  {
                    "key": "Content-Type",
                    "type": "text",
                    "value": "application/octet-stream"
                  },
                  {
                    "key": "Authorization",
                    "type": "text",
                    "value": "Bearer {{TOKEN}}"
                  },
                  {
                    "key": "",
                    "value": "",
                    "type": "text",
                    "disabled": true
                  }
                ],
                "body": {
                  "mode": "raw",
                  "raw": "This is the third chunk of the file."
                },
                "url": {
                  "raw": "{{baseURL}}/files?uploadType=resumable&uploadToken=c57e92e3f15b40bb818eca2d18efa1d5&position=2&close=true",
                  "host": [
                    "{{baseURL}}"
                  ],
                  "path": [
                    "files"
                  ],
                  "query": [
                    {
                      "key": "uploadType",
                      "value": "resumable"
                    },
                    {
                      "key": "uploadToken",
                      "value": "c57e92e3f15b40bb818eca2d18efa1d5"
                    },
                    {
                      "key": "position",
                      "value": "2"
                    },
                    {
                      "key": "close",
                      "value": "true"
                    }
                  ]
                },
                "description": "List Available Files"
              },
              "response": []
            }
          ]
        },
        {
          "name": "Upload File closing in extra request",
          "item": [
            {
              "name": "Upload Big File (First request)",
              "request": {
                "method": "POST",
                "header": [
                  {
                    "key": "x-raet-tenant-id",
                    "type": "text",
                    "value": "{{tenantId}}"
                  },
                  {
                    "key": "Content-Type",
                    "type": "text",
                    "value": "multipart/related;boundary=foo_bar_baz"
                  },
                  {
                    "key": "Authorization",
                    "type": "text",
                    "value": "Bearer {{TOKEN}}"
                  }
                ],
                "body": {
                  "mode": "file",
                  "file": {
                    "src": "/G:/My Drive/Transporters/File Transfer/3 - Documentation Community/2021-03-26/File API Postman 2021-03-26/File_4M_File_API_FirstRequest.txt"
                  }
                },
                "url": {
                  "raw": "{{baseURL}}/files?uploadType=resumable",
                  "host": [
                    "{{baseURL}}"
                  ],
                  "path": [
                    "files"
                  ],
                  "query": [
                    {
                      "key": "uploadType",
                      "value": "resumable"
                    }
                  ]
                },
                "description": "List Available Files"
              },
              "response": []
            },
            {
              "name": "Upload Big File (Second request)",
              "request": {
                "method": "PUT",
                "header": [
                  {
                    "key": "x-raet-tenant-id",
                    "type": "text",
                    "value": "{{tenantId}}"
                  },
                  {
                    "key": "Content-Type",
                    "type": "text",
                    "value": "application/octet-stream"
                  },
                  {
                    "key": "Authorization",
                    "type": "text",
                    "value": "Bearer {{TOKEN}}"
                  }
                ],
                "body": {
                  "mode": "raw",
                  "raw": "This is the second chunk of the file."
                },
                "url": {
                  "raw": "{{baseURL}}/files?uploadType=resumable&uploadToken=eff97b73c45a4694a4b54087c84cfa02&position=1",
                  "host": [
                    "{{baseURL}}"
                  ],
                  "path": [
                    "files"
                  ],
                  "query": [
                    {
                      "key": "uploadType",
                      "value": "resumable"
                    },
                    {
                      "key": "uploadToken",
                      "value": "eff97b73c45a4694a4b54087c84cfa02"
                    },
                    {
                      "key": "position",
                      "value": "1"
                    }
                  ]
                },
                "description": "List Available Files"
              },
              "response": []
            },
            {
              "name": "Upload Big File (Third request)",
              "request": {
                "method": "PUT",
                "header": [
                  {
                    "key": "x-raet-tenant-id",
                    "type": "text",
                    "value": "{{tenantId}}"
                  },
                  {
                    "key": "Content-Type",
                    "type": "text",
                    "value": "application/octet-stream"
                  },
                  {
                    "key": "Authorization",
                    "type": "text",
                    "value": "Bearer {{TOKEN}}"
                  }
                ],
                "body": {
                  "mode": "raw",
                  "raw": "This is the third  chunk of the file."
                },
                "url": {
                  "raw": "{{baseURL}}/files?uploadType=resumable&uploadToken=ad29fdcc12aa4f6da97c0883c6f4bbf4&position=2",
                  "host": [
                    "{{baseURL}}"
                  ],
                  "path": [
                    "files"
                  ],
                  "query": [
                    {
                      "key": "uploadType",
                      "value": "resumable"
                    },
                    {
                      "key": "uploadToken",
                      "value": "ad29fdcc12aa4f6da97c0883c6f4bbf4"
                    },
                    {
                      "key": "position",
                      "value": "2"
                    }
                  ]
                },
                "description": "List Available Files"
              },
              "response": []
            },
            {
              "name": "Upload Big File (Last request)",
              "request": {
                "method": "POST",
                "header": [
                  {
                    "key": "x-raet-tenant-id",
                    "type": "text",
                    "value": "{{tenantId}}"
                  },
                  {
                    "key": "Authorization",
                    "type": "text",
                    "value": "Bearer {{TOKEN}}"
                  }
                ],
                "body": {
                  "mode": "raw",
                  "raw": ""
                },
                "url": {
                  "raw": "{{baseURL}}/files?uploadType=resumable&uploadToken=eff97b73c45a4694a4b54087c84cfa02",
                  "host": [
                    "{{baseURL}}"
                  ],
                  "path": [
                    "files"
                  ],
                  "query": [
                    {
                      "key": "uploadType",
                      "value": "resumable"
                    },
                    {
                      "key": "uploadToken",
                      "value": "eff97b73c45a4694a4b54087c84cfa02"
                    }
                  ]
                },
                "description": "List Available Files"
              },
              "response": []
            }
          ]
        },
        {
          "name": "List Uploaded Files",
          "item": [
            {
              "name": "List Uploaded Files",
              "request": {
                "method": "GET",
                "header": [
                  {
                    "key": "x-raet-tenant-id",
                    "type": "text",
                    "value": "{{tenantId}}"
                  },
                  {
                    "key": "Authorization",
                    "type": "text",
                    "value": "Bearer {{TOKEN}}"
                  }
                ],
                "url": {
                  "raw": "{{baseURL}}/files?role=publisher&pageSize=20",
                  "host": [
                    "{{baseURL}}"
                  ],
                  "path": [
                    "files"
                  ],
                  "query": [
                    {
                      "key": "role",
                      "value": "publisher"
                    },
                    {
                      "key": "pageSize",
                      "value": "20"
                    },
                    {
                      "key": "pageIndex",
                      "value": "1",
                      "disabled": true
                    },
                    {
                      "key": "$orderBy",
                      "value": "businessType desc",
                      "disabled": true
                    }
                  ]
                },
                "description": "List Available Files"
              },
              "response": []
            }
          ]
        },
        {
          "name": "Download Publisher file",
          "item": [
            {
              "name": "Download Publisher file",
              "request": {
                "method": "GET",
                "header": [
                  {
                    "key": "x-raet-tenant-id",
                    "type": "text",
                    "value": "{{tenantId}}"
                  },
                  {
                    "key": "Accept",
                    "type": "text",
                    "value": "application/octet-stream"
                  },
                  {
                    "key": "Authorization",
                    "type": "text",
                    "value": "Bearer {{TOKEN}}"
                  }
                ],
                "body": {
                  "mode": "file",
                  "file": {}
                },
                "url": {
                  "raw": "{{baseURL}}/files/00000000-0000-0000-0000-000000000000?role=publisher",
                  "host": [
                    "{{baseURL}}"
                  ],
                  "path": [
                    "files",
                    "00000000-0000-0000-0000-000000000000"
                  ],
                  "query": [
                    {
                      "key": "role",
                      "value": "publisher"
                    }
                  ]
                },
                "description": "Download Available file"
              },
              "response": []
            }
          ]
        }		
      ]
    },
    {
      "name": "Subscriber Requests",
      "item": [
        {
          "name": "List Files",
          "item": [
            {
              "name": "List  Files",
              "request": {
                "method": "GET",
                "header": [
                  {
                    "key": "x-raet-tenant-id",
                    "value": "{{tenantId}}",
                    "type": "text"
                  },
                  {
                    "key": "Authorization",
                    "value": "Bearer {{TOKEN}}",
                    "type": "text"
                  }
                ],
                "url": {
                  "raw": "{{baseURL}}/files?role=subscriber&pageSize=20&$orderBy=uploadDate desc",
                  "host": [
                    "{{baseURL}}"
                  ],
                  "path": [
                    "files"
                  ],
                  "query": [
                    {
                      "key": "role",
                      "value": "subscriber"
                    },
                    {
                      "key": "pageSize",
                      "value": "20"
                    },
                    {
                      "key": "$filter",
                      "value": "uploadDate gt 2020-05-19T08:42:47.400Z",
                      "disabled": true
                    },
                    {
                      "key": "$filter",
                      "value": "uploadDate gt 2020-05-19T08:42:47.400Z and uploadDate lt 2020-05-19T16:42:47.400Z",
                      "disabled": true
                    },
                    {
                      "key": "$filter",
                      "value": "status eq 'all'",
                      "disabled": true
                    },
                    {
                      "key": "$filter",
                      "value": "status eq 'downloaded' and businessType eq 8001",
                      "disabled": true
                    },
                    {
                      "key": "$filter",
                      "value": "businessType eq 110000",
                      "disabled": true
                    },
                    {
                      "key": "$filter",
                      "value": "status eq 'downloaded' and (businessType eq 8000 or businessType eq 8001)",
                      "disabled": true
                    },
                    {
                      "key": "$filter",
                      "value": "uploadDate gt 2020-05-19T08:42:47.400Z and businessType eq 8000 and status eq 'all'",
                      "disabled": true
                    },
                    {
                      "key": "$filter",
                      "value": "startsWith(FileName, 'Resultatenoverzicht')",
                      "description": "Files that start with \"Resultatenoverzicht\"",
                      "disabled": true
                    },
                    {
                      "key": "$filter",
                      "value": "startsWith(FileName, 'Resultatenoverzicht') eq false",
                      "description": "All files that do not start with \"Resultatenoverzicht\"",
                      "disabled": true
                    },
                    {
                      "key": "$filter",
                      "value": "contains(FileName, 'm') and businessType eq 7101",
                      "disabled": true
                    },
                    {
                      "key": "$filter",
                      "value": "endsWith('.txt', FileName)",
                      "disabled": true
                    },
                    {
                      "key": "$orderBy",
                      "value": "uploadDate desc"
                    },
                    {
                      "key": "$orderBy",
                      "value": "businessType desc",
                      "disabled": true
                    }
                  ]
                },
                "description": "List Available Files"
              },
              "response": []
            }
          ]
        },
        {
          "name": "Download File",
          "item": [
            {
              "name": "Download Complete File",
              "item": [
                {
                  "name": "Download Complete file",
                  "protocolProfileBehavior": {
                    "disableBodyPruning": true
                  },
                  "request": {
                    "method": "GET",
                    "header": [
                      {
                        "key": "x-raet-tenant-id",
                        "type": "text",
                        "value": "{{tenantId}}"
                      },
                      {
                        "key": "Accept",
                        "type": "text",
                        "value": "application/octet-stream"
                      },
                      {
                        "key": "Authorization",
                        "type": "text",
                        "value": "Bearer {{TOKEN}}"
                      }
                    ],
                    "body": {
                      "mode": "file",
                      "file": {}
                    },
                    "url": {
                      "raw": "{{baseURL}}/files/00000000-0000-0000-0000-000000000000?role=subscriber",
                      "host": [
                        "{{baseURL}}"
                      ],
                      "path": [
                        "files",
                        "00000000-0000-0000-0000-000000000000"
                      ],
                      "query": [
                        {
                          "key": "role",
                          "value": "subscriber"
                        }
                      ]
                    },
                    "description": "Download File"
                  },
                  "response": []
                }
              ]
            },
            {
              "name": "Download File by chunks",
              "item": [
                {
                  "name": "Head File",
                  "protocolProfileBehavior": {
                    "disableBodyPruning": true
                  },
                  "request": {
                    "method": "HEAD",
                    "header": [
                      {
                        "key": "x-raet-tenant-id",
                        "type": "text",
                        "value": "{{tenantId}}"
                      },
                      {
                        "key": "Accept",
                        "type": "text",
                        "value": "application/octet-stream"
                      },
                      {
                        "key": "Authorization",
                        "type": "text",
                        "value": "Bearer {{TOKEN}}"
                      }
                    ],
                    "body": {
                      "mode": "file",
                      "file": {}
                    },
                    "url": {
                      "raw": "{{baseURL}}/files/00000000-0000-0000-0000-000000000000?role=subscriber",
                      "host": [
                        "{{baseURL}}"
                      ],
                      "path": [
                        "files",
                        "00000000-0000-0000-0000-000000000000"
                      ],
                      "query": [
                        {
                          "key": "role",
                          "value": "subscriber"
                        }
                      ]
                    },
                    "description": "Download File"
                  },
                  "response": []
                },
                {
                  "name": "Download Partial File",
                  "protocolProfileBehavior": {
                    "disableBodyPruning": true
                  },
                  "request": {
                    "method": "GET",
                    "header": [
                      {
                        "key": "x-raet-tenant-id",
                        "type": "text",
                        "value": "{{tenantId}}"
                      },
                      {
                        "key": "Accept",
                        "type": "text",
                        "value": "application/octet-stream"
                      },
                      {
                        "key": "Authorization",
                        "type": "text",
                        "value": "Bearer {{TOKEN}}"
                      },
                      {
                        "key": "Range",
                        "value": "bytes=0-49",
                        "type": "text"
                      }
                    ],
                    "body": {
                      "mode": "file",
                      "file": {}
                    },
                    "url": {
                      "raw": "{{baseURL}}/files/00000000-0000-0000-0000-000000000000?role=subscriber",
                      "host": [
                        "{{baseURL}}"
                      ],
                      "path": [
                        "files",
                        "00000000-0000-0000-0000-000000000000"
                      ],
                      "query": [
                        {
                          "key": "role",
                          "value": "subscriber"
                        }
                      ]
                    },
                    "description": "Download File"
                  },
                  "response": []
                }
              ]
            }
          ]
        },
        {
          "name": "Delete File",
          "item": [
            {
              "name": "Delete File",
              "request": {
                "method": "DELETE",
                "header": [
                  {
                    "key": "x-raet-tenant-id",
                    "type": "text",
                    "value": "{{tenantId}}"
                  },
                  {
                    "key": "Accept",
                    "type": "text",
                    "value": "application/octet-stream"
                  },
                  {
                    "key": "Authorization",
                    "type": "text",
                    "value": "Bearer {{TOKEN}}"
                  }
                ],
                "body": {
                  "mode": "file",
                  "file": {}
                },
                "url": {
                  "raw": "{{baseURL}}/files/dd0614ed-33ba-447b-a629-662e2f944b69?role=subscriber",
                  "host": [
                    "{{baseURL}}"
                  ],
                  "path": [
                    "files",
                    "dd0614ed-33ba-447b-a629-662e2f944b69"
                  ],
                  "query": [
                    {
                      "key": "role",
                      "value": "subscriber"
                    }
                  ]
                },
                "description": "Download File"
              },
              "response": []
            }
          ]
        }
      ],
      "event": [
        {
          "listen": "prerequest",
          "script": {
            "type": "text/javascript",
            "exec": [
              ""
            ]
          }
        },
        {
          "listen": "test",
          "script": {
            "type": "text/javascript",
            "exec": [
              ""
            ]
          }
        }
      ]
    },
    {
      "name": "Business Types Requests",
      "item": [
        {
          "name": "Check Busines Type Subcriptions",
          "request": {
            "method": "GET",
            "header": [
              {
                "key": "x-raet-tenant-id",
                "value": "{{tenantId}}",
                "type": "text"
              },
              {
                "key": "Authorization",
                "value": "Bearer {{TOKEN}}",
                "type": "text"
              }
            ],
            "url": {
              "raw": "{{baseURL}}/businesstypes/8000?extended=true",
              "host": [
                "{{baseURL}}"
              ],
              "path": [
                "businesstypes",
                "8000"
              ],
              "query": [
                {
                  "key": "extended",
                  "value": "true"
                }
              ]
            }
          },
          "response": []
        }
      ]
    },
    {
      "name": "heartbeat",
      "request": {
        "method": "GET",
        "header": [
          {
            "key": "x-raet-tenant-id",
            "value": "sandbox",
            "type": "text"
          },
          {
            "key": "Authorization",
            "value": "Bearer {{TOKEN}}",
            "type": "text"
          }
        ],
        "url": {
          "raw": "{{baseURL}}/heartbeat",
          "host": [
            "{{baseURL}}"
          ],
          "path": [
            "heartbeat"
          ]
        },
        "description": "Heartbeat"
      },
      "response": []
    }
  ]
}