{
	"id": "2129d0fc-a8af-4c64-b47f-202c32607512",
	"name": "File API Production",
	"values": [
		{
			"key": "tokenURL",
			"value": "https://api.raet.com/authentication/token",
			"enabled": true
		},
		{
			"key": "tenantId",
			"value": "sandbox",
			"enabled": true
		},
		{
			"key": "clientId",
			"value": "",
			"enabled": true
		},
		{
			"key": "clientSecret",
			"value": "",
			"enabled": true
		},
		{
			"key": "baseURL",
			"value": "https://api.raet.com/mft/v1.0",
			"enabled": true
		}
	],
	"_postman_variable_scope": "environment",
	"_postman_exported_at": "2020-03-10T09:29:03.267Z",
	"_postman_exported_using": "Postman/7.19.1"
}